nombre,apellido,match_result,score
Janet,Norris,,0.0
Michael,Jones,MichaelRobinsonuser47@example.com,70.42
Donna,Nelson,,0.0
Gregory,Gross,,0.0
Herbert,Davis,RobertDavisuser2@example.com,72.73
Danielle,Clarke,,0.0
Christian,Martin,,0.0
Annette,Hartman,,0.0
Tim,Cabrera,,0.0
Catherine,Holmes,,0.0
Michael,Yates,,0.0
Bobby,Anderson,,0.0
Leslie,Ball,,0.0
Mark,Mendoza,,0.0
Sarah,Good,,0.0
Anthony,Stanley,,0.0
Katherine,Stephenson,,0.0
Sara,Carson,,0.0
Jennifer,Dunn,,0.0
Christine,Floyd,,0.0
Jennifer,Brown,,0.0
Michael,Stout,,0.0
Bruce,Jenkins,,0.0
Wendy,Hendrix,,0.0
Travis,Montoya,,0.0
Mitchell,Kelly,,0.0
Veronica,Knight,,0.0
Charles,Kelley,,0.0
Veronica,Caldwell,,0.0
James,Howard,,0.0
Jonathan,Sanders,,0.0
Alexander,Johnson,,0.0
William,Banks,,0.0
Gary,Evans,,0.0
Gary,Hays,,0.0
Kayla,Pierce,,0.0
Michelle,Price,,0.0
Regina,Jones,,0.0
Jennifer,Mccoy,,0.0
Isabel,Burns,,0.0
Christopher,Morales,,0.0
Samantha,Wright,,0.0
Brittany,Carroll,,0.0
Christopher,Moore,ChristopherBowenuser42@example.com,71.6
Gina,Brown,,0.0
April,Gonzalez,AprilGonzalezuser8@example.com,100.0
Colton,Collins,ColtonCollinsuser9@example.com,100.0
Joseph,Yang,JosephYanguser10@example.com,100.0
Michelle,Logan,MichelleLoganuser11@example.com,100.0
Mary,Pollard,MaryPollarduser12@example.com,100.0
Gail,Harris,GailHarrisuser13@example.com,100.0
Lauren,Fletcher,LaurenFletcheruser14@example.com,100.0
Alan,Liu,AlanLiuuser15@example.com,100.0
Douglas,Williams,DouglasWilliamsuser16@example.com,100.0
Daniel,Smith,DanielSmithuser17@example.com,100.0
Christopher,Jensen,ChristopherJensenuser18@example.com,100.0
Haley,Rodriguez,HaleyRodriguezuser19@example.com,100.0
Alexis,Cox,AlexisCoxuser20@example.com,100.0
Deborah,Davis,DeborahDavisuser21@example.com,100.0
Brenda,Reynolds,BrendaReynoldsuser22@example.com,100.0
Paul,Nash,PaulNashuser23@example.com,100.0
Steven,Parsons,StevenParsonsuser24@example.com,100.0
Adrian,Richards,AdrianRichardsuser25@example.com,100.0
Kristin,Hall,KristinHalluser26@example.com,100.0
Gerald,Brown,GeraldBrownuser27@example.com,100.0
Susan,Freeman,SusanFreemanuser28@example.com,100.0
Gary,Thornton,GaryThorntonuser29@example.com,100.0
Joyce,Bailey,JoyceBaileyuser30@example.com,100.0
Allison,Hill,AllisonHilluser31@example.com,100.0
Teresa,Jones,TheresaJohnsonuser140@example.com,74.29
Scott,Davis,,0.0
Brian,Williams,,0.0
Patrick,Aguilar,,0.0
Alec,Lawson,,0.0
James,Thomas,,0.0
Joan,Gordon,,0.0
Anthony,Wallace,,0.0
Lisa,Wright,,0.0
Christopher,Lane,ChristopherJensenuser18@example.com,70.0
Ashley,Hernandez,,0.0
Virginia,Ruiz,,0.0
Sandy,Turner,,0.0
Jennifer,Ball,,0.0
Thomas,Smith,,0.0
Scott,Salazar,,0.0
Jessica,Elliott,,0.0
Michael,Wagner,MichaelCochranuser167@example.com,70.27
Kevin,Carroll,,0.0
Lisa,Luna,,0.0
Cynthia,Montgomery,,0.0
Alan,Davidson,,0.0
Susan,Marshall,,0.0
Anthony,Harrington,,0.0
Marilyn,Rogers,,0.0
Amanda,Horton,,0.0
William,Smith,,0.0
Cody,Willis,,0.0
Richard,Shaffer,,0.0
Joshua,Brooks,,0.0
Lynn,Sanchez,,0.0
Stacey,Bryant,,0.0
Wanda,Copeland,,0.0
Stephanie,Carroll,,0.0
Rachael,Bradford,,0.0
Barry,Harrison,,0.0
David,Hoover,,0.0
Stephanie,Wiley,,0.0
Joseph,Moreno,JosephGordonuser182@example.com,73.24
Joseph,Torres,StephanieTorresuser50@example.com,71.23
Adriana,Austin,,0.0
Nathan,Johnson,,0.0
Terri,White,,0.0
Dustin,Bell,DavidBelluser123@example.com,71.88
William,Allison,,0.0
Robin,Barber,,0.0
Dylan,Kelly,,0.0
Jonathan,Nichols,,0.0
Jessica,Hayes,,0.0
Ryan,Schwartz,,0.0
Justin,Kim,,0.0
Timothy,Gonzalez,,0.0
Richard,Lewis,RichardDrakeuser172@example.com,70.42
Charles,Thomas,,0.0
Brittney,Herrera,,0.0
Daniel,Smith,DanielSmithuser17@example.com,74.63
Kyle,Goodwin,,0.0
Carmen,Thompson,,0.0
Connie,Chan,,0.0
Samantha,Thompson,,0.0
Richard,Casey,,0.0
Zachary,Young,,0.0
Michael,Gonzalez,,0.0
Michael,Parks,,0.0
Mark,Flores,,0.0
George,Goodman,,0.0
Ashley,Neal,,0.0
Caitlin,Tyler,,0.0
Andre,Davis,,0.0
Melinda,Bradley,,0.0
Bonnie,Allen,,0.0
Catherine,Rhodes,,0.0
Sylvia,Bennett,,0.0
Jeremy,Campos,,0.0
Mary,Glover,MaryBrownuser144@example.com,71.88
Sarah,Skinner,,0.0
Allison,Hill,AllisonHilluser31@example.com,81.36
Jamie,Miller,JamieMilleruser32@example.com,100.0
Kimberly,Johnson,KimberlyJohnsonuser33@example.com,100.0
Elizabeth,Smith,ElizabethSmithuser34@example.com,100.0
Shelly,Estes,ShellyEstesuser35@example.com,100.0
Jacob,Williams,JacobWilliamsuser36@example.com,100.0
Roberto,Chang,RobertoChanguser37@example.com,100.0
Karen,Smith,KarenSmithuser38@example.com,100.0
Anthony,Hernandez,AnthonyHernandezuser39@example.com,100.0
Breanna,Watts,BreannaWattsuser40@example.com,100.0
Nicholas,Marshall,NicholasMarshalluser41@example.com,100.0
Christopher,Bowen,ChristopherBowenuser42@example.com,100.0
Nicole,Thompson,NicoleThompsonuser43@example.com,100.0
Anna,Russell,AnnaRusselluser44@example.com,100.0
Donna,King,DonnaKinguser45@example.com,100.0
Denise,Byrd,DeniseByrduser46@example.com,100.0
Michael,Robinson,MichaelRobinsonuser47@example.com,100.0
Daniel,Harrison,DanielHarrisonuser48@example.com,100.0
Jason,Sellers,JasonSellersuser49@example.com,100.0
Stephanie,Torres,StephanieTorresuser50@example.com,100.0
Kristin,Randall,KristinRandalluser51@example.com,100.0
Bradley,Nguyen,BradleyNguyenuser52@example.com,100.0
Lance,Rice,LanceRiceuser53@example.com,100.0
Paul,Perkins,PaulPerkinsuser54@example.com,100.0
Norman,Williams,,0.0
Danielle,Brooks,,0.0
William,Smith,,0.0
Joseph,Mason,JosephHoganuser127@example.com,70.59
Tamara,Lopez,,0.0
Tina,Webster,AmandaSteinuser178@example.com,70.59
Gregory,Harrison,,0.0
Leah,Watson,,0.0
Christine,King,,0.0
James,Montgomery,,0.0
David,Martin,,0.0
Jonathan,Tucker,,0.0
Jennifer,Cantrell,,0.0
Jennifer,Rhodes,,0.0
Philip,Torres,,0.0
James,Cain,,0.0
Leslie,Crane,,0.0
David,Robinson,,0.0
Jill,Gordon,,0.0
Earl,Winters,,0.0
Sarah,Smith,,0.0
Brittney,Cannon,,0.0
Adam,Andrews,,0.0
Michelle,Reed,,0.0
James,Harrison,,0.0
Meghan,Perez,,0.0
Leslie,Webb,,0.0
Jennifer,Garrett,,0.0
Jamie,Bullock,,0.0
Richard,Short,,0.0
Ana,Phillips,,0.0
