nombre,email
Michael,michael.jones2@example.com
Herbert,herbert.davis5@example.com
Christopher,christopher.moore44@example.com
April,user8@example.com
Colton,user9@example.com
Joseph,user10@example.com
Michelle,user11@example.com
Mary,user12@example.com
Gail,user13@example.com
Lauren,user14@example.com
Alan,user15@example.com
Douglas,user16@example.com
Daniel,user17@example.com
Christopher,user18@example.com
Haley,user19@example.com
Alexis,user20@example.com
Deborah,user21@example.com
Brenda,user22@example.com
Paul,user23@example.com
Steven,user24@example.com
Adrian,user25@example.com
Kristin,user26@example.com
Gerald,user27@example.com
Susan,user28@example.com
Gary,user29@example.com
Joyce,user30@example.com
Allison,user31@example.com
Teresa,teresa.jones70@example.com
Christopher,christopher.lane79@example.com
Michael,michael.wagner87@example.com
Joseph,joseph.moreno108@example.com
Joseph,joseph.torres109@example.com
Dustin,dustin.bell113@example.com
Richard,richard.lewis122@example.com
Daniel,daniel.smith125@example.com
Mary,mary.glover144@example.com
Allison,allison@example.com
Jamie,user32@example.com
Kimberly,user33@example.com
Elizabeth,user34@example.com
Shelly,user35@example.com
Jacob,user36@example.com
Roberto,user37@example.com
Karen,user38@example.com
Anthony,user39@example.com
Breanna,user40@example.com
Nicholas,user41@example.com
Christopher,user42@example.com
Nicole,user43@example.com
Anna,user44@example.com
Donna,user45@example.com
Denise,user46@example.com
Michael,user47@example.com
Daniel,user48@example.com
Jason,user49@example.com
Stephanie,user50@example.com
Kristin,user51@example.com
Bradley,user52@example.com
Lance,user53@example.com
Paul,user54@example.com
Joseph,joseph.mason173@example.com
Tina,tina.webster175@example.com
